{
  "base_params": {
    "r": 0.03,
    "delta": 0.1,
    "delta_i": 0.05,
    "pi_0": 1.0,
    "s_pd": 1.4,
    "L0": 0.25,
    "kappa": 0.005,
    "N_max": 1.0,
    "F_mean": 3.0
  },
  "grid": {
    "x_star": 6.95,
    "f_star": 10.510690906320534
  },
  "scipy": {
    "method": "scipy-bounded",
    "x_star": 6.952811526868019,
    "f_star": 10.510691359754299,
    "nit": 16
  },
  "bayes_opt": {
    "x_star": 6.902371078052003,
    "f_star": 10.510544347614168
  },
  "monte_carlo": {
    "mean": 8.81465549628008,
    "median": 7.095407504160534,
    "std": 8.50220498162091,
    "p05": 4.986209819268737,
    "p25": 6.092424577075113,
    "p75": 8.365306921654422,
    "p95": 14.048383554292693
  },
  "scenarios": {
    "Abolition (x=0)": {
      "x": 0.0,
      "R": 0.0,
      "I": 17.5,
      "C": 0.0,
      "N": 0.0,
      "f": 0.0,
      "per_work_net_welfare": 17.5
    },
    "Very short (5y)": {
      "x": 5.0,
      "R": 3.676570947992184,
      "I": 11.730600805623688,
      "C": 0.9441427369980461,
      "N": 0.7063960854312199,
      "f": 10.216627080816979,
      "per_work_net_welfare": 14.463029016617826
    },
    "Short / Pollock (15y)": {
      "x": 15.0,
      "R": 6.597891757026819,
      "I": 5.270898708463536,
      "C": 1.7244729392567046,
      "N": 0.8891189476109415,
      "f": 9.019504923156092,
      "per_work_net_welfare": 10.14431752623365
    },
    "Moderate (25y)": {
      "x": 25.0,
      "R": 7.394044555140599,
      "I": 2.3683674566407222,
      "C": 1.9735111387851498,
      "N": 0.9149640795627804,
      "f": 7.1265645180666795,
      "per_work_net_welfare": 7.788900872996172
    },
    "Berne (life~50y, proxy)": {
      "x": 50.0,
      "R": 7.680742775438634,
      "I": 0.3205236805528481,
      "C": 2.1701856938596586,
      "N": 0.92271439720827,
      "f": 5.380422170503205,
      "per_work_net_welfare": 5.8310807621318235
    },
    "Current (70y post-mortem)": {
      "x": 70.0,
      "R": 7.691448724550076,
      "I": 0.06471261503845124,
      "C": 2.272862181137519,
      "N": 0.9229897109105182,
      "f": 5.061028705094584,
      "per_work_net_welfare": 5.4832991584510085
    },
    "Extreme (95y)": {
      "x": 95.0,
      "R": 7.692274386513337,
      "I": 0.008757900085210681,
      "C": 2.398068596628334,
      "N": 0.9230109028163197,
      "f": 4.89469330308157,
      "per_work_net_welfare": 5.302963689970214
    },
    "Perpetual (200y proxy)": {
      "x": 200.0,
      "R": 7.692307692268391,
      "I": 1.9693655575870345e-06,
      "C": 2.9230769230670974,
      "N": 0.9230117575382459,
      "f": 4.402057892133531,
      "per_work_net_welfare": 4.769232738566851
    }
  }
}